{
  "9836134e-b892-4283-b6b2-78b5acf3ed45": {
    "asset": 1592807258000,
    "meta": 1594892158764,
    "relativePath": "effects"
  },
  "430eccbf-bf2c-4e6e-8c0c-884bbb487f32": {
    "asset": 1592807258000,
    "meta": 1594892158808,
    "relativePath": "effects/__builtin-editor-gizmo-line.effect"
  },
  "6c5cf6e1-b044-4eac-9431-835644d57381": {
    "asset": 1592807258000,
    "meta": 1594892158824,
    "relativePath": "effects/__builtin-editor-gizmo-unlit.effect"
  },
  "115286d1-2e10-49ee-aab4-341583f607e8": {
    "asset": 1592807258000,
    "meta": 1594892158864,
    "relativePath": "effects/__builtin-editor-gizmo.effect"
  },
  "abc2cb62-7852-4525-a90d-d474487b88f2": {
    "asset": 1592807258000,
    "meta": 1594892158975,
    "relativePath": "effects/builtin-phong.effect"
  },
  "e2f00085-c597-422d-9759-52c360279106": {
    "asset": 1592807258000,
    "meta": 1594892159048,
    "relativePath": "effects/builtin-toon.effect"
  },
  "f8e6b000-5643-4b86-9080-aa680ce1f599": {
    "asset": 1592807258000,
    "meta": 1594892159052,
    "relativePath": "image"
  },
  "71561142-4c83-4933-afca-cb7a17f67053": {
    "asset": 1592807258000,
    "meta": 1594892159076,
    "relativePath": "image/default_btn_disabled.png"
  },
  "e851e89b-faa2-4484-bea6-5c01dd9f06e2": {
    "asset": 1592807258000,
    "meta": 1594892159078,
    "relativePath": "image/default_btn_normal.png"
  },
  "b43ff3c2-02bb-4874-81f7-f2dea6970f18": {
    "asset": 1592807258000,
    "meta": 1594892159088,
    "relativePath": "image/default_btn_pressed.png"
  },
  "edd215b9-2796-4a05-aaf5-81f96c9281ce": {
    "asset": 1592807258000,
    "meta": 1594892159090,
    "relativePath": "image/default_editbox_bg.png"
  },
  "99170b0b-d210-46f1-b213-7d9e3f23098a": {
    "asset": 1592807258000,
    "meta": 1594892159101,
    "relativePath": "image/default_progressbar_bg.png"
  },
  "d81ec8ad-247c-4e62-aa3c-d35c4193c7af": {
    "asset": 1592807258000,
    "meta": 1594892159103,
    "relativePath": "image/default_panel.png"
  },
  "cfef78f1-c8df-49b7-8ed0-4c953ace2621": {
    "asset": 1592807258000,
    "meta": 1594892159114,
    "relativePath": "image/default_progressbar.png"
  },
  "567dcd80-8bf4-4535-8a5a-313f1caf078a": {
    "asset": 1592807258000,
    "meta": 1594892159115,
    "relativePath": "image/default_radio_button_off.png"
  },
  "9d60001f-b5f4-4726-a629-2659e3ded0b8": {
    "asset": 1592807258000,
    "meta": 1594892159124,
    "relativePath": "image/default_radio_button_on.png"
  },
  "4bab67cb-18e6-4099-b840-355f0473f890": {
    "asset": 1592807258000,
    "meta": 1594892159126,
    "relativePath": "image/default_scrollbar_bg.png"
  },
  "d6d3ca85-4681-47c1-b5dd-d036a9d39ea2": {
    "asset": 1592807258000,
    "meta": 1594892159135,
    "relativePath": "image/default_scrollbar_vertical.png"
  },
  "617323dd-11f4-4dd3-8eec-0caf6b3b45b9": {
    "asset": 1592807258000,
    "meta": 1594892159137,
    "relativePath": "image/default_scrollbar_vertical_bg.png"
  },
  "0291c134-b3da-4098-b7b5-e397edbe947f": {
    "asset": 1592807258000,
    "meta": 1594892159147,
    "relativePath": "image/default_scrollbar.png"
  },
  "0275e94c-56a7-410f-bd1a-fc7483f7d14a": {
    "asset": 1592807258000,
    "meta": 1594892159149,
    "relativePath": "image/default_sprite_splash.png"
  },
  "6e056173-d285-473c-b206-40a7fff5386e": {
    "asset": 1592807258000,
    "meta": 1594892159161,
    "relativePath": "image/default_sprite.png"
  },
  "73a0903d-d80e-4e3c-aa67-f999543c08f5": {
    "asset": 1592807258000,
    "meta": 1594892159163,
    "relativePath": "image/default_toggle_checkmark.png"
  },
  "c25b9d50-c8fc-4d27-beeb-6e7c1f2e5c0f": {
    "asset": 1592807258000,
    "meta": 1594892159172,
    "relativePath": "image/default_toggle_disabled.png"
  },
  "d29077ba-1627-4a72-9579-7b56a235340c": {
    "asset": 1592807258000,
    "meta": 1594892159174,
    "relativePath": "image/default_toggle_normal.png"
  },
  "b181c1e4-0a72-4a91-bfb0-ae6f36ca60bd": {
    "asset": 1592807258000,
    "meta": 1594892159184,
    "relativePath": "image/default_toggle_pressed.png"
  },
  "5c3eedba-6c41-4c0c-9ba7-d91f813cbd1c": {
    "asset": 1592807258000,
    "meta": 1594892159185,
    "relativePath": "materials"
  },
  "c4480a0a-6ac5-443f-8b40-361a14257fc8": {
    "asset": 1592807258000,
    "meta": 1594892159755,
    "relativePath": "materials/builtin-phong.mtl"
  },
  "fc09f9bd-2cce-4605-b630-8145ef809ed6": {
    "asset": 1592807258000,
    "meta": 1594892159190,
    "relativePath": "misc"
  },
  "2be36297-9abb-4fee-8049-9ed5e271da8a": {
    "asset": 1592807258000,
    "meta": 1594892159195,
    "relativePath": "misc/default_video.mp4"
  },
  "db019bf7-f71c-4111-98cf-918ea180cb48": {
    "asset": 1592807258000,
    "meta": 1594892159197,
    "relativePath": "model"
  },
  "e39e96e6-6f6e-413f-bcf1-ac7679bb648a": {
    "asset": 1592807258000,
    "meta": 1594892159198,
    "relativePath": "model/prefab"
  },
  "600301aa-3357-4a10-b086-84f011fa32ba": {
    "asset": 1592807258000,
    "meta": 1594892159200,
    "relativePath": "image/default-particle.png"
  },
  "a87cc147-01b2-43f8-8e42-a7ca90b0c757": {
    "asset": 1594892159205,
    "meta": 1594892159206,
    "relativePath": "model/prefab/box.prefab"
  },
  "fe1417b6-fe6b-46a4-ae7c-9fd331f33a2a": {
    "asset": 1594892159208,
    "meta": 1594892159209,
    "relativePath": "model/prefab/capsule.prefab"
  },
  "b5fc2cf2-7942-483d-be1f-bbeadc4714ad": {
    "asset": 1594892159211,
    "meta": 1594892159212,
    "relativePath": "model/prefab/cone.prefab"
  },
  "1c5e4038-953a-44c2-b620-0bbfc6170477": {
    "asset": 1594892159213,
    "meta": 1594892159213,
    "relativePath": "model/prefab/cylinder.prefab"
  },
  "6c9ef10d-b479-420b-bfe6-39cdda6a8ae0": {
    "asset": 1594892159215,
    "meta": 1594892159215,
    "relativePath": "model/prefab/quad.prefab"
  },
  "3f376125-a699-40ca-ad05-04d662eaa1f2": {
    "asset": 1594892159216,
    "meta": 1594892159217,
    "relativePath": "model/prefab/plane.prefab"
  },
  "de510076-056b-484f-b94c-83bef217d0e1": {
    "asset": 1594892159219,
    "meta": 1594892159219,
    "relativePath": "model/prefab/torus.prefab"
  },
  "2d9a4b85-b0ab-4c46-84c5-18f393ab2058": {
    "asset": 1594892159249,
    "meta": 1594892159250,
    "relativePath": "model/prefab/sphere.prefab"
  },
  "f6e6dd15-71d1-4ffe-ace7-24fd39942c05": {
    "asset": 1592807258000,
    "meta": 1594892159252,
    "relativePath": "obsolete"
  },
  "8a96b965-2dc0-4e03-aa90-3b79cb93b5b4": {
    "asset": 1592807258000,
    "meta": 1594892159267,
    "relativePath": "obsolete/atom.png"
  },
  "f743d2b6-b7ea-4c14-a55b-547ed4d0a045": {
    "asset": 1592807258000,
    "meta": 1594892159268,
    "relativePath": "particle"
  },
  "b8223619-7e38-47c4-841f-9160c232495a": {
    "asset": 1592807258000,
    "meta": 1594892159776,
    "relativePath": "obsolete/atom.plist"
  },
  "d0a82d39-bede-46c4-b698-c81ff0dedfff": {
    "asset": 1592807258000,
    "meta": 1594892159280,
    "relativePath": "particle/atom.png"
  },
  "ae6c6c98-11e4-452f-8758-75f5c6a56e83": {
    "asset": 1592807258000,
    "meta": 1594892159281,
    "relativePath": "prefab"
  },
  "b2687ac4-099e-403c-a192-ff477686f4f5": {
    "asset": 1592807258000,
    "meta": 1594892159777,
    "relativePath": "particle/atom.plist"
  },
  "897ef7a1-4860-4f64-968d-f5924b18668a": {
    "asset": 1594892159282,
    "meta": 1594892159283,
    "relativePath": "prefab/2d-camera.prefab"
  },
  "70d7cdb0-04cd-41bb-9480-c06a4785f386": {
    "asset": 1594892159285,
    "meta": 1594892159286,
    "relativePath": "prefab/3d-camera.prefab"
  },
  "70bbeb73-6dc2-4ee4-8faf-76b3a0e34ec4": {
    "asset": 1594892159290,
    "meta": 1594892159291,
    "relativePath": "prefab/3d-particle.prefab"
  },
  "ed88f13d-fcad-4848-aa35-65a2cb973584": {
    "asset": 1594892159293,
    "meta": 1594892159294,
    "relativePath": "prefab/3d-stage.prefab"
  },
  "972b9a4d-47ee-4c74-b5c3-61d8a69bc29f": {
    "asset": 1594892159297,
    "meta": 1594892159298,
    "relativePath": "prefab/button.prefab"
  },
  "2c937608-2562-40ea-b264-7395df6f0cea": {
    "asset": 1594892159301,
    "meta": 1594892159302,
    "relativePath": "prefab/canvas.prefab"
  },
  "61aeb05b-3b32-452b-8eed-2b76deeed554": {
    "asset": 1594892159310,
    "meta": 1594892159311,
    "relativePath": "prefab/editbox.prefab"
  },
  "27756ebb-3d33-44b0-9b96-e858fadd4dd4": {
    "asset": 1594892159313,
    "meta": 1594892159314,
    "relativePath": "prefab/label.prefab"
  },
  "785a442c-3ceb-45be-a46e-7317f625f3b9": {
    "asset": 1594892159319,
    "meta": 1594892159320,
    "relativePath": "prefab/layout.prefab"
  },
  "a3ee0214-b432-4865-9666-4a3211814282": {
    "asset": 1592807258000,
    "meta": 1594892159320,
    "relativePath": "prefab/light"
  },
  "61906da3-7003-4bda-9abc-5769c76faee4": {
    "asset": 1594892159322,
    "meta": 1594892159323,
    "relativePath": "prefab/light/ambient.prefab"
  },
  "ddb99b39-7004-47cd-9705-751905c43c46": {
    "asset": 1594892159325,
    "meta": 1594892159326,
    "relativePath": "prefab/light/directional.prefab"
  },
  "0cf30284-9073-46bc-9eba-e62b69dbbff3": {
    "asset": 1594892159328,
    "meta": 1594892159329,
    "relativePath": "prefab/light/point.prefab"
  },
  "f5331fd2-bf42-4ee3-a3fd-3e1657600eff": {
    "asset": 1594892159330,
    "meta": 1594892159331,
    "relativePath": "prefab/light/spot.prefab"
  },
  "ca8401fe-ad6e-41a8-bd46-8e3e4e9945be": {
    "asset": 1594892159333,
    "meta": 1594892159334,
    "relativePath": "prefab/pageview.prefab"
  },
  "cd33edea-55f5-46c2-958d-357a01384a36": {
    "asset": 1594892159336,
    "meta": 1594892159337,
    "relativePath": "prefab/particlesystem.prefab"
  },
  "5965ffac-69da-4b55-bcde-9225d0613c28": {
    "asset": 1594892159339,
    "meta": 1594892159340,
    "relativePath": "prefab/progressBar.prefab"
  },
  "4a37dd57-78cd-4cec-aad4-f11a73d12b63": {
    "asset": 1594892159343,
    "meta": 1594892159344,
    "relativePath": "prefab/richtext.prefab"
  },
  "32044bd2-481f-4cf1-a656-e2b2fb1594eb": {
    "asset": 1594892159347,
    "meta": 1594892159348,
    "relativePath": "prefab/scrollview.prefab"
  },
  "0004d1cf-a0ad-47d8-ab17-34d3db9d35a3": {
    "asset": 1594892159351,
    "meta": 1594892159353,
    "relativePath": "prefab/slider.prefab"
  },
  "1f55e3be-b89b-4b79-88de-47fd31018044": {
    "asset": 1594892159356,
    "meta": 1594892159357,
    "relativePath": "prefab/sprite_splash.prefab"
  },
  "96083d03-c332-4a3f-9386-d03e2d19e8ee": {
    "asset": 1594892159359,
    "meta": 1594892159360,
    "relativePath": "prefab/sprite.prefab"
  },
  "7de03a80-4457-438d-95a7-3e7cdffd6086": {
    "asset": 1594892159366,
    "meta": 1594892159367,
    "relativePath": "prefab/tiledmap.prefab"
  },
  "0e42ba95-1fa1-46aa-b2cf-143cd1bcee2c": {
    "asset": 1594892159369,
    "meta": 1594892159369,
    "relativePath": "prefab/tiledtile.prefab"
  },
  "0d784963-d024-4ea6-a7db-03be0ad63010": {
    "asset": 1594892159371,
    "meta": 1594892159372,
    "relativePath": "prefab/toggle.prefab"
  },
  "bf0a434c-84dd-4a8e-a08a-7a36f180cc75": {
    "asset": 1594892159384,
    "meta": 1594892159384,
    "relativePath": "prefab/toggleContainer.prefab"
  },
  "d1b8be49-b0a0-435c-83b7-552bed4bbe35": {
    "asset": 1594892159407,
    "meta": 1594892159408,
    "relativePath": "prefab/toggleGroup.prefab"
  },
  "232d2782-c4bd-4bb4-9e01-909f03d6d3b9": {
    "asset": 1594892159413,
    "meta": 1594892159413,
    "relativePath": "prefab/videoplayer.prefab"
  },
  "8c5001fd-07ee-4a4b-a8a0-63e15195e94d": {
    "asset": 1594892159421,
    "meta": 1594892159422,
    "relativePath": "prefab/webview.prefab"
  },
  "d8afc78c-4eac-4a9f-83dd-67bc70344d33": {
    "asset": 1592807258000,
    "meta": 1594892159423,
    "relativePath": "resources"
  },
  "294c1663-4adf-4a1e-a795-53808011a38a": {
    "asset": 1592807258000,
    "meta": 1594892159439,
    "relativePath": "resources/effects"
  },
  "30682f87-9f0d-4f17-8a44-72863791461b": {
    "asset": 1592807258000,
    "meta": 1594892159453,
    "relativePath": "resources/effects/builtin-2d-graphics.effect"
  },
  "144c3297-af63-49e8-b8ef-1cfa29b3be28": {
    "asset": 1592807258000,
    "meta": 1594892159463,
    "relativePath": "resources/effects/builtin-2d-gray-sprite.effect"
  },
  "f18742d7-56d2-4eb5-ae49-2d9d710b37c8": {
    "asset": 1592807258000,
    "meta": 1594892159487,
    "relativePath": "resources/effects/builtin-2d-label.effect"
  },
  "0e93aeaa-0b53-4e40-b8e0-6268b4e07bd7": {
    "asset": 1592807258000,
    "meta": 1594892159503,
    "relativePath": "resources/effects/builtin-2d-spine.effect"
  },
  "2874f8dd-416c-4440-81b7-555975426e93": {
    "asset": 1592807258000,
    "meta": 1594892159513,
    "relativePath": "resources/effects/builtin-2d-sprite.effect"
  },
  "829a282c-b049-4019-bd38-5ace8d8a6417": {
    "asset": 1592807258000,
    "meta": 1594892159624,
    "relativePath": "resources/effects/builtin-3d-particle.effect"
  },
  "2a7c0036-e0b3-4fe1-8998-89a54b8a2bec": {
    "asset": 1592807258000,
    "meta": 1594892159667,
    "relativePath": "resources/effects/builtin-3d-trail.effect"
  },
  "c0040c95-c57f-49cd-9cbc-12316b73d0d4": {
    "asset": 1592807258000,
    "meta": 1594892159679,
    "relativePath": "resources/effects/builtin-clear-stencil.effect"
  },
  "6d91e591-4ce0-465c-809f-610ec95019c6": {
    "asset": 1592807258000,
    "meta": 1594892159720,
    "relativePath": "resources/effects/builtin-unlit.effect"
  },
  "bbee2217-c261-49bd-a8ce-708d6bcc3500": {
    "asset": 1592807258000,
    "meta": 1594892159721,
    "relativePath": "resources/materials"
  },
  "a153945d-2511-4c14-be7b-05d242f47d57": {
    "asset": 1592807258000,
    "meta": 1594892159816,
    "relativePath": "resources/materials/builtin-2d-graphics.mtl"
  },
  "6f801092-0c37-4f30-89ef-c8d960825b36": {
    "asset": 1592807258000,
    "meta": 1594892159818,
    "relativePath": "resources/materials/builtin-2d-base.mtl"
  },
  "e02d87d4-e599-4d16-8001-e14891ac6506": {
    "asset": 1592807258000,
    "meta": 1594892159819,
    "relativePath": "resources/materials/builtin-2d-label.mtl"
  },
  "3a7bb79f-32fd-422e-ada2-96f518fed422": {
    "asset": 1592807258000,
    "meta": 1594892159820,
    "relativePath": "resources/materials/builtin-2d-gray-sprite.mtl"
  },
  "7afd064b-113f-480e-b793-8817d19f63c3": {
    "asset": 1592807258000,
    "meta": 1594892159821,
    "relativePath": "resources/materials/builtin-2d-spine.mtl"
  },
  "eca5d2f2-8ef6-41c2-bbe6-f9c79d09c432": {
    "asset": 1592807258000,
    "meta": 1594892159822,
    "relativePath": "resources/materials/builtin-2d-sprite.mtl"
  },
  "432fa09c-cf03-4cff-a186-982604408a07": {
    "asset": 1592807258000,
    "meta": 1594892159823,
    "relativePath": "resources/materials/builtin-3d-particle.mtl"
  },
  "466d4f9b-e5f4-4ea8-85d5-3c6e9a65658a": {
    "asset": 1592807258000,
    "meta": 1594892159824,
    "relativePath": "resources/materials/builtin-3d-trail.mtl"
  },
  "2a296057-247c-4a1c-bbeb-0548b6c98650": {
    "asset": 1592807258000,
    "meta": 1594892159826,
    "relativePath": "resources/materials/builtin-unlit.mtl"
  },
  "cf7e0bb8-a81c-44a9-ad79-d28d43991032": {
    "asset": 1592807258000,
    "meta": 1594892159827,
    "relativePath": "resources/materials/builtin-clear-stencil.mtl"
  },
  "954fec8b-cd16-4bb9-a3b7-7719660e7558": {
    "asset": 1592807258000,
    "meta": 1594892164332,
    "relativePath": "model/primitives.fbx"
  },
  "87e43f3d-d7a6-4dea-8a9b-868c1817c7da": {
    "asset": 1594892164338,
    "meta": 1594892164349,
    "relativePath": "migration"
  },
  "e29d69ee-5cf9-46a5-a8d4-83990fbf0307": {
    "asset": 1594892158094,
    "meta": 1594892164475,
    "relativePath": "migration/use_v2.1-2.2.1_cc.Toggle_event.js"
  },
  "29f52784-2fca-467b-92e7-8fd9ef8c57b7": {
    "asset": 1594892151475,
    "meta": 1594892164482,
    "relativePath": "Scene"
  },
  "4734c20c-0db8-4eb2-92ea-e692f4d70934": {
    "asset": 1594954521120,
    "meta": 1594965936157,
    "relativePath": "Script"
  },
  "7b81d4e8-ec84-4716-968d-500ac1d78a54": {
    "asset": 1594892151476,
    "meta": 1594892164614,
    "relativePath": "Texture"
  },
  "2d2f792f-a40c-49bb-a189-ed176a246e49": {
    "asset": 1595237567517,
    "meta": 1595237567521,
    "relativePath": "Scene/helloworld.fire"
  },
  "a8027877-d8d6-4645-97a0-52d4a0123dba": {
    "asset": 1594892151477,
    "meta": 1594892164641,
    "relativePath": "Texture/singleColor.png"
  },
  "6aa0aa6a-ebee-4155-a088-a687a6aadec4": {
    "asset": 1594892151477,
    "meta": 1594892164662,
    "relativePath": "Texture/HelloWorld.png"
  },
  "62fa34c1-a8a7-4e7e-880e-f0b213705b44": {
    "asset": 1594956211968,
    "meta": 1594965936155,
    "relativePath": "NBMediation"
  },
  "41aaad74-47fb-45a9-bb5a-88465068ec4d": {
    "asset": 1595232676577,
    "meta": 1595232690676,
    "relativePath": "NBMediation/NBMediation.js"
  },
  "43c9fcfd-5ef3-477b-a311-46eb679fb54d": {
    "asset": 1595321270091,
    "meta": 1595906210034,
    "relativePath": "Script/RewardedVideo.js"
  }
}