{
  "platform": "android",
  "actualPlatform": "android",
  "template": "link",
  "buildPath": "/Users/wenshitian/Downloads",
  "debug": false,
  "sourceMaps": false,
  "embedWebDebugger": false,
  "previewWidth": "1280",
  "previewHeight": "720",
  "useDebugKeystore": false,
  "keystorePath": "/Users/wenshitian/Desktop/com.light.cleaner.zero.keystore",
  "keystorePassword": "candymobi2019",
  "keystoreAlias": "com.light.cleaner.zero.jks",
  "keystoreAliasPassword": "candymobi2019",
  "apiLevel": "android-30",
  "appABIs": [
    "arm64-v8a"
  ],
  "vsVersion": "auto",
  "buildScriptsOnly": false
}
