{
  "version": "1.1.1",
  "windows": {
    "main": {
      "main": true,
      "url": "app://editor/index.html",
      "windowType": "dockable",
      "x": 110,
      "y": 379,
      "width": 1394,
      "height": 875,
      "layout": {
        "children": [
          {
            "children": [
              {
                "active": 0,
                "children": [
                  "hierarchy"
                ],
                "height": 270.921875,
                "type": "panel",
                "width": 250.15625
              },
              {
                "active": 0,
                "children": [
                  "assets",
                  "cloud-function"
                ],
                "height": 514.0625,
                "type": "panel",
                "width": 250.15625
              }
            ],
            "height": 788,
            "type": "dock-v",
            "width": 250.15625
          },
          {
            "children": [
              {
                "children": [
                  {
                    "active": 0,
                    "children": [
                      "scene"
                    ],
                    "height": 371.15625,
                    "type": "panel",
                    "width": 566.84375
                  },
                  {
                    "active": 0,
                    "children": [
                      "node-library"
                    ],
                    "height": 371.15625,
                    "type": "panel",
                    "width": 264
                  }
                ],
                "height": 371.15625,
                "type": "dock-h",
                "width": 833.84375
              },
              {
                "active": 0,
                "children": [
                  "console",
                  "timeline",
                  "game-window"
                ],
                "height": 413.84375,
                "type": "panel",
                "width": 833.84375
              }
            ],
            "height": 788,
            "type": "dock-v",
            "width": 833.84375
          },
          {
            "active": 0,
            "children": [
              "inspector",
              "cocos-services"
            ],
            "height": 788,
            "type": "panel",
            "width": 304
          }
        ],
        "type": "dock-h"
      },
      "panels": [
        "hierarchy",
        "assets",
        "cloud-function",
        "scene",
        "node-library",
        "console",
        "timeline",
        "game-window",
        "inspector",
        "cocos-services"
      ]
    }
  },
  "panels": {
    "builder": {
      "x": 39,
      "y": 23,
      "width": 1403,
      "height": 877
    },
    "preferences": {
      "x": 442,
      "y": 190,
      "width": 584,
      "height": 548
    },
    "project-settings": {
      "x": 440,
      "y": 174,
      "width": 584,
      "height": 548
    },
    "package-asset.import": {
      "x": 539,
      "y": 175,
      "width": 400,
      "height": 542
    }
  },
  "panelLabelWidth": {
    "builder": null,
    "preferences": null,
    "inspector": null
  }
}
